{
  "martial-deck": {
    "name": "Martial Deck",
    "cards": [
      "lamplighter",
      "lamplighter",
      "musketeer",
      "musketeer",
      "haubardier",
      "haubardier",
      "troubardier",
      "troubardier",
      "swordist",
      "swordist",
      "pistoleer",
      "pistoleer",
      "sagaar",
      "sagaar",
      "toxothete",
      "toxothete",
      "skold",
      "scourge",
      "scourge",
      "lurksman",
      "kit",
      "kit",
      "kit",
      "kit",
      "kit",
      "script",
      "script",
      "script",
      "script",
      "script",
      "grinling",
      "grinling",
      "bogle",
      "bogle",
      "bogle",
      "brodchin",
      "brodchin",
      "swarty",
      "swarty",
      "shrewd",
      "trought",
      "kit",
      "kit",
      "kit",
      "kit",
      "kit",
      "script",
      "script",
      "script",
      "script",
      "script",
      "lamplighter",
      "musketeer",
      "haubardier",
      "troubardier",
      "swordist",
      "pistoleer",
      "sagaar",
      "toxothete",
      "kit",
      "script"
    ]
  }, 
  "alchemical-deck": {
    "name": "Alchemical Deck",
    "cards": [
      "wit",
      "wit",
      "leer",
      "leer",
      "laggard",
      "laggard",
      "musketeer",
      "musketeer",
      "ambuscadier",
      "ambuscadier",
      "troubardier",
      "troubardier",
      "haubardier",
      "haubardier",
      "scourge",
      "scourge",
      "skold",
      "skold",
      "sagaar",
      "sagaar",
      "kit",
      "kit",
      "kit",
      "kit",
      "kit",
      "treacle",
      "treacle",
      "treacle",
      "treacle",
      "treacle",
      "grinling",
      "grinling",
      "bogle",
      "bogle",
      "bogle",
      "brodchin",
      "brodchin",
      "swarty",
      "swarty",
      "shrewd",
      "trought",
      "kit",
      "kit",
      "kit",
      "kit",
      "kit",
      "treacle",
      "treacle",
      "treacle",
      "treacle",
      "treacle",
      "wit",
      "leer",
      "laggard",
      "ambuscadier",
      "scourge",
      "skold",
      "sagaar",
      "haubardier",
      "kit",
      "treacle"
    ]
  },
  "arcane-deck": {
    "name": "Arcane Deck",
    "cards": [
      "fulgar",
      "fulgar",
      "pistoleer",
      "pistoleer",
      "swordist",
      "swordist",
      "scourge",
      "scourge",
      "skold",
      "skold",
      "toxothete",
      "toxothete",
      "sagaar",
      "sagaar",
      "leer",
      "leer",
      "laggard",
      "laggard",
      "lurksman",
      "lurksman",
      "kit",
      "kit",
      "kit",
      "kit",
      "kit",
      "script",
      "script",
      "script",
      "script",
      "script",
      "treacle",
      "treacle",
      "treacle",
      "treacle",
      "treacle",
      "grinling",
      "bogle",
      "bogle",
      "brodchin",
      "swarty",
      "swarty",
      "shrewd",
      "trought",
      "grinling",
      "bogle",
      "bogle",
      "brodchin",
      "swarty",
      "swarty",
      "shrewd",
      "trought",
      "kit",
      "kit",
      "script",
      "script",
      "treacle",
      "treacle",
      "fulgar",
      "swordist",
      "skold",
      "scourge"
    ]
  },
    "weenie-deck": {
    "name": "Weenie Deck",
    "cards": [
      "Lamplighter",
      "Lamplighter",
      "Lamplighter",
      "Lamplighter",
      "Musketeer",
      "Musketeer",
      "Musketeer",
      "Musketeer",
      "Haubardier",
      "Haubardier",
      "Haubardier",
      "Haubardier",
      "Troubardier",
      "Troubardier",
      "Troubardier",
      "Troubardier",
      "Swordist",
      "Swordist",
      "Swordist",
      "Sagaar",
      "Sagaar",
      "Sagaar",
      "Toxothete",
      "Toxothete",
      "Toxothete",
      "Kit",
      "Kit",
      "Kit",
      "Kit",
      "Kit",
      "Kit",
      "Kit",
      "Kit",
      "Kit",
      "Kit",
      "Kit",
      "Kit",
      "Kit",
      "Kit",
      "Kit",
      "Kit",
      "Kit",
      "Kit",
      "Kit",
      "Kit",
      "Kit",
      "Kit",
      "Kit",
      "Grinling",
      "Grinling",
      "Grinling",
      "Grinling",
      "Bogle",
      "Bogle",
      "Bogle",
      "Bogle",
      "Brodchin",
      "Brodchin",
      "Brodchin",
      "Swarty"
    ]
  }
}
